object_class,object_id,change_number,username,change_date,change_time,tcode,table_name,field_name,change_indicator,old_value,new_value
EINKBELEG,2000001004,100001,RKUMAR,2022-05-18,11:38:59,ME21N,EKPO,NETPR,I,,10977.18
EINKBELEG,2000001004,100003,JTHOMAS,2022-05-18,16:48:26,ME21N,EKPO,NETPR,I,,1103288.4
EINKBELEG,2000001008,100007,AGUPTA,2022-09-22,12:42:28,ME21N,EKPO,NETPR,I,,6629336.24
EINKBELEG,2000001010,100013,AGUPTA,2022-09-23,11:13:36,ME21N,EKPO,NETPR,I,,1957811.86
EINKBELEG,2000001015,100019,VSHARMA,2022-05-16,14:03:41,ME21N,EKPO,NETPR,I,,716226.51
EINKBELEG,2000001015,100022,PDESAI,2022-05-16,10:03:10,ME21N,EKPO,NETPR,I,,588714.49
EINKBELEG,2000001015,100026,RKUMAR,2022-05-16,15:30:19,ME21N,EKPO,NETPR,I,,3385138.85
EINKBELEG,2000001019,100030,SNAIR,2022-05-21,17:14:24,ME21N,EKPO,NETPR,I,,3477918.57
EINKBELEG,2000001027,100036,SNAIR,2022-07-06,15:30:16,ME21N,EKPO,NETPR,I,,5398730.35
EINKBELEG,2000001027,100038,SNAIR,2022-07-06,17:55:27,ME21N,EKPO,NETPR,I,,1675040.69
EINKBELEG,2000001031,100039,RKUMAR,2022-10-03,13:59:51,ME21N,EKPO,NETPR,I,,6179863.26
EINKBELEG,2000001031,100043,PDESAI,2022-10-03,15:43:20,ME21N,EKPO,NETPR,I,,30529.75
EINKBELEG,2000001038,100048,JTHOMAS,2022-11-27,09:06:58,ME21N,EKPO,NETPR,I,,1465155.0
EINKBELEG,2000001038,100053,SNAIR,2022-11-27,14:54:27,ME21N,EKPO,NETPR,I,,8308708.4
EINKBELEG,2000001038,100058,PDESAI,2022-11-27,13:21:17,ME21N,EKPO,NETPR,I,,1211982.44
EINKBELEG,2000001041,100061,VSHARMA,2022-09-24,10:16:41,ME21N,EKPO,NETPR,I,,490867.95
EINKBELEG,2000001041,100066,RKUMAR,2022-09-24,15:29:49,ME21N,EKPO,NETPR,I,,269433.22
EINKBELEG,2000001042,100072,MMEHTA,2022-10-29,12:46:43,ME21N,EKPO,NETPR,I,,6488907.38
EINKBELEG,2000001042,100077,AGUPTA,2022-10-29,12:33:21,ME21N,EKPO,NETPR,I,,485784.75
EINKBELEG,2000001042,100083,VSHARMA,2022-10-29,11:20:35,ME21N,EKPO,NETPR,I,,15485542.11
EINKBELEG,2000001045,100084,PDESAI,2022-11-26,09:53:04,ME21N,EKPO,NETPR,I,,293211.93
EINKBELEG,2000001045,100085,AGUPTA,2022-11-26,15:06:33,ME21N,EKPO,NETPR,I,,2430582.24
EINKBELEG,2000001048,100086,SNAIR,2022-09-12,16:22:14,ME21N,EKPO,NETPR,I,,164024.1
EINKBELEG,2000001054,100092,PDESAI,2022-09-23,13:16:12,ME21N,EKPO,NETPR,I,,3454944.58
EINKBELEG,2000001054,100093,MMEHTA,2022-09-23,09:39:05,ME21N,EKPO,NETPR,I,,2519936.79
EINKBELEG,2000001054,100094,AGUPTA,2022-09-23,18:42:57,ME21N,EKPO,NETPR,I,,663983.01
EINKBELEG,2000001062,100096,MMEHTA,2022-05-14,18:40:07,ME21N,EKPO,NETPR,I,,1966431.55
EINKBELEG,2000001062,100102,MMEHTA,2022-05-14,10:05:54,ME21N,EKPO,NETPR,I,,640221.36
EINKBELEG,2000001070,100107,VSHARMA,2022-09-17,11:24:42,ME21N,EKPO,NETPR,I,,2909696.34
EINKBELEG,2000001070,100113,SNAIR,2022-09-17,18:51:11,ME21N,EKPO,NETPR,I,,11466.71
EINKBELEG,2000001077,100114,JTHOMAS,2022-05-31,11:16:18,ME21N,EKPO,NETPR,I,,2576240.91
EINKBELEG,2000001077,100118,PDESAI,2022-05-31,10:40:29,ME21N,EKPO,NETPR,I,,9268.73
EINKBELEG,2000001085,100121,SNAIR,2022-12-22,15:44:57,ME21N,EKPO,NETPR,I,,31092.56
EINKBELEG,2000001085,100127,MMEHTA,2022-12-22,14:16:10,ME21N,EKPO,NETPR,I,,4697984.41
EINKBELEG,2000001085,100128,SNAIR,2022-12-22,13:49:03,ME21N,EKPO,NETPR,I,,17352875.66
EINKBELEG,2000001092,100132,RKUMAR,2022-08-27,15:21:03,ME21N,EKPO,NETPR,I,,2288414.61
EINKBELEG,2000001092,100135,MMEHTA,2022-08-27,13:11:28,ME21N,EKPO,NETPR,I,,27924.06
EINKBELEG,2000001096,100136,SNAIR,2023-01-14,16:59:12,ME21N,EKPO,NETPR,I,,18582826.91
EINKBELEG,2000001096,100141,PDESAI,2023-01-14,15:11:41,ME21N,EKPO,NETPR,I,,4988335.94
EINKBELEG,2000001097,100145,PDESAI,2022-06-30,10:09:34,ME21N,EKPO,NETPR,I,,592982.58
EINKBELEG,2000001097,100149,JTHOMAS,2022-06-30,12:39:41,ME21N,EKPO,NETPR,I,,117136.2
EINKBELEG,2000001101,100150,PDESAI,2022-05-21,16:45:16,ME21N,EKPO,NETPR,I,,299242.27
EINKBELEG,2000001102,100151,RKUMAR,2022-09-22,09:04:04,ME21N,EKPO,NETPR,I,,374164.03
EINKBELEG,2000001106,100156,JTHOMAS,2022-11-06,13:49:28,ME21N,EKPO,NETPR,I,,104965.71
EINKBELEG,2000001106,100157,MMEHTA,2022-11-06,16:09:41,ME21N,EKPO,NETPR,I,,22755.0
EINKBELEG,2000001108,100163,SNAIR,2022-07-20,09:59:02,ME21N,EKPO,NETPR,I,,790130.58
EINKBELEG,2000001108,100169,AGUPTA,2022-07-20,15:17:09,ME21N,EKPO,NETPR,I,,4999885.44
EINKBELEG,2000001108,100175,SNAIR,2022-07-20,14:57:25,ME21N,EKPO,NETPR,I,,1675299.32
EINKBELEG,2000001111,100180,MMEHTA,2022-08-31,09:32:45,ME21N,EKPO,NETPR,I,,1774532.53
EINKBELEG,2000001116,100184,VSHARMA,2022-11-25,16:27:25,ME21N,EKPO,NETPR,I,,804411.78
EINKBELEG,2000001118,100190,RKUMAR,2022-10-24,10:34:14,ME21N,EKPO,NETPR,I,,179586.93
EINKBELEG,2000001118,100191,MMEHTA,2022-10-24,15:44:52,ME21N,EKPO,NETPR,I,,308570.23
EINKBELEG,2000001118,100195,PDESAI,2022-10-24,10:36:34,ME21N,EKPO,NETPR,I,,2203346.62
EINKBELEG,2000001126,100198,RKUMAR,2023-01-18,14:43:19,ME21N,EKPO,NETPR,I,,830669.38
EINKBELEG,2000001133,100202,VSHARMA,2022-05-31,09:40:41,ME21N,EKPO,NETPR,I,,484898.27
EINKBELEG,2000001140,100203,AGUPTA,2022-07-24,14:34:54,ME21N,EKPO,NETPR,I,,4181166.73
EINKBELEG,2000001147,100206,SNAIR,2022-05-27,10:53:29,ME21N,EKPO,NETPR,I,,9272485.46
EINKBELEG,2000001147,100209,PDESAI,2022-05-27,12:11:35,ME21N,EKPO,NETPR,I,,405406.5
EINKBELEG,2000001147,100210,VSHARMA,2022-05-27,15:42:12,ME21N,EKPO,NETPR,I,,2702714.96
EINKBELEG,2000001155,100213,PDESAI,2022-05-15,15:57:06,ME21N,EKPO,NETPR,I,,4408424.19
EINKBELEG,2000001155,100219,AGUPTA,2022-05-15,14:31:05,ME21N,EKPO,NETPR,I,,12930.5
EINKBELEG,2000001161,100225,RKUMAR,2022-07-27,16:47:12,ME21N,EKPO,NETPR,I,,1085405.28
EINKBELEG,2000001163,100227,VSHARMA,2022-12-30,09:12:01,ME21N,EKPO,NETPR,I,,3143033.87
EINKBELEG,2000001171,100233,MMEHTA,2022-10-01,18:15:31,ME21N,EKPO,NETPR,I,,34079.78
EINKBELEG,2000001171,100237,RKUMAR,2022-10-01,10:50:34,ME21N,EKPO,NETPR,I,,27281.8
EINKBELEG,2000001177,100243,PDESAI,2022-04-07,13:31:34,ME21N,EKPO,NETPR,I,,866607.99
EINKBELEG,2000001177,100247,AGUPTA,2022-04-07,09:02:21,ME21N,EKPO,NETPR,I,,201001.73
EINKBELEG,2000001180,100248,PDESAI,2022-06-15,14:50:46,ME21N,EKPO,NETPR,I,,2112962.3
EINKBELEG,2000001187,100249,RKUMAR,2022-07-16,15:07:13,ME21N,EKPO,NETPR,I,,409993.78
EINKBELEG,2000001187,100255,VSHARMA,2022-07-16,17:29:43,ME21N,EKPO,NETPR,I,,842100.61
EINKBELEG,2000001190,100260,AGUPTA,2022-09-26,11:47:37,ME21N,EKPO,NETPR,I,,1811938.8
EINKBELEG,2000001196,100262,PDESAI,2022-08-11,10:02:47,ME21N,EKPO,NETPR,I,,18615857.47
EINKBELEG,2000001196,100264,SNAIR,2022-08-11,16:41:01,ME21N,EKPO,NETPR,I,,7944839.59
EINKBELEG,2000001203,100268,VSHARMA,2022-04-19,18:02:15,ME21N,EKPO,NETPR,I,,1168026.25
EINKBELEG,2000001203,100274,AGUPTA,2022-04-19,11:00:11,ME21N,EKPO,NETPR,I,,2278767.03
EINKBELEG,2000001203,100280,PDESAI,2022-04-19,09:57:19,ME21N,EKPO,NETPR,I,,26441.39
EINKBELEG,2000001210,100281,PDESAI,2022-05-13,16:39:10,ME21N,EKPO,NETPR,I,,21251.63
EINKBELEG,2000001210,100286,VSHARMA,2022-05-13,10:52:52,ME21N,EKPO,NETPR,I,,336505.63
EINKBELEG,2000001210,100287,SNAIR,2022-05-13,10:31:38,ME21N,EKPO,NETPR,I,,5755385.0
EINKBELEG,2000001217,100292,AGUPTA,2022-07-11,12:04:51,ME21N,EKPO,NETPR,I,,548717.68
EINKBELEG,2000001062,100294,MMEHTA,2022-05-15,15:10:44,ME22N,EKPO,NETPR,U,1695210.59,1966431.55
EINKBELEG,2000001062,100297,MMEHTA,2022-05-16,17:10:28,ME22N,EKPO,MENGE,U,128.446,142.718
EINKBELEG,2000001140,100298,AGUPTA,2022-07-26,11:06:50,ME22N,EKPO,NETPR,U,3941032.09,4181166.73
EINKBELEG,2000001140,100304,AGUPTA,2022-07-27,18:24:49,ME22N,EKPO,MENGE,U,12.052,13.391
EINKBELEG,2000001106,100308,MMEHTA,2022-11-08,10:00:00,ME22N,EKPO,NETPR,U,19377.32,22755.0
EINKBELEG,2000001106,100310,MMEHTA,2022-11-09,10:45:41,ME22N,EKPO,MENGE,U,22.844,25.382
EINKBELEG,2000001274,100314,SNAIR,2022-06-21,11:13:09,ME22N,EKPO,NETPR,U,1599368.67,1793773.89
EINKBELEG,2000001274,100320,SNAIR,2022-06-22,13:33:28,ME22N,EKPO,MENGE,U,164.968,183.298
EINKBELEG,2000001282,100322,AGUPTA,2022-07-31,18:44:02,ME22N,EKPO,NETPR,U,21611.47,24729.19
EINKBELEG,2000001282,100327,AGUPTA,2022-08-01,11:45:31,ME22N,EKPO,MENGE,U,29.226,32.473
EINKBELEG,2000001255,100330,RKUMAR,2022-09-11,14:26:00,ME22N,EKPO,NETPR,U,673719.47,738145.42
EINKBELEG,2000001255,100335,RKUMAR,2022-09-12,12:12:07,ME22N,EKPO,MENGE,U,39.433,43.814
EINKBELEG,2000001233,100340,SNAIR,2022-05-03,17:14:29,ME22N,EKPO,NETPR,U,382231.85,419163.47
EINKBELEG,2000001233,100346,SNAIR,2022-05-04,12:17:03,ME22N,EKPO,MENGE,U,37.652,41.836
EINKBELEG,2000001118,100348,PDESAI,2022-10-26,16:31:11,ME22N,EKPO,NETPR,U,1897671.74,2203346.62
EINKBELEG,2000001118,100350,PDESAI,2022-10-27,09:03:41,ME22N,EKPO,MENGE,U,10.712,11.902
EINKBELEG,2000001102,100354,RKUMAR,2022-09-25,13:21:39,ME22N,EKPO,NETPR,U,328705.51,374164.03
EINKBELEG,2000001102,100358,RKUMAR,2022-09-26,09:06:47,ME22N,EKPO,MENGE,U,39.27,43.633
EINKBELEG,2000001041,100360,RKUMAR,2022-09-25,11:50:01,ME22N,EKPO,NETPR,U,253937.07,269433.22
EINKBELEG,2000001041,100364,RKUMAR,2022-09-26,17:07:04,ME22N,EKPO,MENGE,U,73.288,81.431
EINKBELEG,2000001233,100369,JTHOMAS,2022-05-04,18:20:26,ME22N,EKPO,NETPR,U,125568.82,136171.06
EINKBELEG,2000001233,100371,JTHOMAS,2022-05-05,14:14:49,ME22N,EKPO,MENGE,U,27.424,30.471
EINKBELEG,2000001203,100372,PDESAI,2022-04-20,12:47:26,ME22N,EKPO,NETPR,U,23337.52,26441.39
EINKBELEG,2000001203,100374,PDESAI,2022-04-21,15:57:14,ME22N,EKPO,MENGE,U,178.385,198.206
EINKBELEG,2000001196,100378,PDESAI,2022-08-12,09:56:27,ME22N,EKPO,NETPR,U,16700267.6,18615857.47
EINKBELEG,2000001196,100380,PDESAI,2022-08-13,12:59:39,ME22N,EKPO,MENGE,U,82.789,91.988
EINKBELEG,2000001042,100383,AGUPTA,2022-11-02,11:29:46,ME22N,EKPO,NETPR,U,421566.96,485784.75
EINKBELEG,2000001042,100385,AGUPTA,2022-11-03,14:17:12,ME22N,EKPO,MENGE,U,10.246,11.384
EINKBELEG,2000001286,100391,PDESAI,2022-04-28,18:03:17,ME22N,EKPO,NETPR,U,784735.69,909605.22
EINKBELEG,2000001286,100393,PDESAI,2022-04-29,10:54:29,ME22N,EKPO,MENGE,U,56.23,62.478
EINKBELEG,2000001274,100396,AGUPTA,2022-06-22,12:56:18,ME22N,EKPO,NETPR,U,3172325.71,3557127.26
EINKBELEG,2000001274,100401,AGUPTA,2022-06-23,11:50:50,ME22N,EKPO,MENGE,U,25.758,28.62
EINKBELEG,2000001070,100406,VSHARMA,2022-09-19,12:05:26,ME22N,EKPO,NETPR,U,2641457.67,2909696.34
EINKBELEG,2000001070,100411,VSHARMA,2022-09-20,16:55:13,ME22N,EKPO,MENGE,U,133.184,147.982
EINKBELEG,2000001261,100414,PDESAI,2022-04-11,09:46:27,ME22N,EKPO,NETPR,U,1688049.1,1807915.91
EINKBELEG,2000001261,100420,PDESAI,2022-04-12,12:15:20,ME22N,EKPO,MENGE,U,97.653,108.503
EINKBELEG,2000001015,100425,RKUMAR,2022-05-20,11:58:36,ME22N,EKPO,NETPR,U,3073525.66,3385138.85
EINKBELEG,2000001015,100426,RKUMAR,2022-05-21,15:02:02,ME22N,EKPO,MENGE,U,89.43,99.367
EINKBELEG,2000001210,100431,VSHARMA,2022-05-17,09:27:33,ME22N,EKPO,NETPR,U,310711.68,336505.63
EINKBELEG,2000001210,100435,VSHARMA,2022-05-18,16:51:51,ME22N,EKPO,MENGE,U,154.52,171.689
EINKBELEG,2000001054,100437,PDESAI,2022-09-24,10:35:48,ME22N,EKPO,NETPR,U,3093018.88,3454944.58
EINKBELEG,2000001054,100438,PDESAI,2022-09-25,15:13:08,ME22N,EKPO,MENGE,U,149.621,166.246
EINKBELEG,2000001106,100444,JTHOMAS,2022-11-09,10:01:30,ME22N,EKPO,NETPR,U,92325.64,104965.71
EINKBELEG,2000001106,100450,JTHOMAS,2022-11-10,13:10:45,ME22N,EKPO,MENGE,U,68.047,75.608
EINKBELEG,2000001004,100456,RKUMAR,2022-05-22,18:01:29,ME29N,EKKO,FRGZU,U,,X
EINKBELEG,2000001004,100460,RKUMAR,2022-05-22,11:55:45,ME29N,EKKO,FRGKE,U,,X
EINKBELEG,2000001004,100463,JTHOMAS,2022-05-22,16:45:40,ME29N,EKKO,FRGZU,U,,X
EINKBELEG,2000001004,100464,JTHOMAS,2022-05-22,10:24:57,ME29N,EKKO,FRGKE,U,,X
EINKBELEG,2000001008,100465,AGUPTA,2022-09-25,13:27:48,ME29N,EKKO,FRGZU,U,,X
EINKBELEG,2000001008,100468,AGUPTA,2022-09-25,18:34:36,ME29N,EKKO,FRGKE,U,,X
EINKBELEG,2000001010,100473,DDIRECTOR,2022-09-25,14:47:59,ME29N,EKKO,FRGZU,U,,X
EINKBELEG,2000001010,100474,DDIRECTOR,2022-09-25,17:58:43,ME29N,EKKO,FRGKE,U,,X
EINKBELEG,2000001015,100475,DDIRECTOR,2022-05-19,15:23:29,ME29N,EKKO,FRGZU,U,,X
EINKBELEG,2000001015,100480,DDIRECTOR,2022-05-19,09:23:23,ME29N,EKKO,FRGKE,U,,X
EINKBELEG,2000001015,100486,ACHIEF,2022-05-18,10:35:45,ME29N,EKKO,FRGZU,U,,X
EINKBELEG,2000001015,100488,ACHIEF,2022-05-18,11:21:15,ME29N,EKKO,FRGKE,U,,X
EINKBELEG,2000001015,100494,MCFO,2022-05-17,18:55:44,ME29N,EKKO,FRGZU,U,,X
EINKBELEG,2000001015,100496,MCFO,2022-05-17,12:20:22,ME29N,EKKO,FRGKE,U,,X
EINKBELEG,2000001019,100502,ACHIEF,2022-05-24,15:17:03,ME29N,EKKO,FRGZU,U,,X
EINKBELEG,2000001019,100503,ACHIEF,2022-05-24,14:22:28,ME29N,EKKO,FRGKE,U,,X
EINKBELEG,2000001027,100508,ACHIEF,2022-07-10,10:30:45,ME29N,EKKO,FRGZU,U,,X
EINKBELEG,2000001027,100513,ACHIEF,2022-07-10,17:57:18,ME29N,EKKO,FRGKE,U,,X
EINKBELEG,2000001027,100516,ACHIEF,2022-07-10,10:12:57,ME29N,EKKO,FRGZU,U,,X
EINKBELEG,2000001027,100520,ACHIEF,2022-07-10,10:05:25,ME29N,EKKO,FRGKE,U,,X
EINKBELEG,2000001031,100521,PVPRES,2022-10-05,10:10:17,ME29N,EKKO,FRGZU,U,,X
EINKBELEG,2000001031,100522,PVPRES,2022-10-05,11:31:09,ME29N,EKKO,FRGKE,U,,X
EINKBELEG,2000001031,100528,ACHIEF,2022-10-05,09:18:26,ME29N,EKKO,FRGZU,U,,X
EINKBELEG,2000001031,100534,ACHIEF,2022-10-05,17:59:08,ME29N,EKKO,FRGKE,U,,X
EINKBELEG,2000001038,100538,PVPRES,2022-12-01,16:47:41,ME29N,EKKO,FRGZU,U,,X
EINKBELEG,2000001038,100539,PVPRES,2022-12-01,13:12:04,ME29N,EKKO,FRGKE,U,,X
EINKBELEG,2000001038,100544,GMANAGER,2022-11-28,14:26:37,ME29N,EKKO,FRGZU,U,,X
EINKBELEG,2000001038,100547,GMANAGER,2022-11-28,14:31:37,ME29N,EKKO,FRGKE,U,,X
EINKBELEG,2000001038,100550,MCFO,2022-12-01,18:08:57,ME29N,EKKO,FRGZU,U,,X
EINKBELEG,2000001038,100553,MCFO,2022-12-01,11:50:16,ME29N,EKKO,FRGKE,U,,X
EINKBELEG,2000001041,100556,MCFO,2022-09-26,13:49:54,ME29N,EKKO,FRGZU,U,,X
EINKBELEG,2000001041,100557,MCFO,2022-09-26,11:22:18,ME29N,EKKO,FRGKE,U,,X
EINKBELEG,2000001041,100562,GMANAGER,2022-09-28,11:45:34,ME29N,EKKO,FRGZU,U,,X
EINKBELEG,2000001041,100565,GMANAGER,2022-09-28,11:11:53,ME29N,EKKO,FRGKE,U,,X
EINKBELEG,2000001042,100567,GMANAGER,2022-10-31,10:02:20,ME29N,EKKO,FRGZU,U,,X
EINKBELEG,2000001042,100572,GMANAGER,2022-10-31,11:28:16,ME29N,EKKO,FRGKE,U,,X
EINKBELEG,2000001042,100574,GMANAGER,2022-11-01,17:45:02,ME29N,EKKO,FRGZU,U,,X
EINKBELEG,2000001042,100580,GMANAGER,2022-11-01,14:22:09,ME29N,EKKO,FRGKE,U,,X
EINKBELEG,2000001042,100585,MCFO,2022-11-01,11:34:19,ME29N,EKKO,FRGZU,U,,X
EINKBELEG,2000001042,100586,MCFO,2022-11-01,09:25:59,ME29N,EKKO,FRGKE,U,,X
EINKBELEG,2000001045,100590,GMANAGER,2022-11-30,14:09:00,ME29N,EKKO,FRGZU,U,,X
EINKBELEG,2000001045,100596,GMANAGER,2022-11-30,17:32:21,ME29N,EKKO,FRGKE,U,,X
EINKBELEG,2000001045,100599,MCFO,2022-11-29,18:42:09,ME29N,EKKO,FRGZU,U,,X
EINKBELEG,2000001045,100604,MCFO,2022-11-29,16:21:44,ME29N,EKKO,FRGKE,U,,X
EINKBELEG,2000001048,100605,MCFO,2022-09-13,11:43:35,ME29N,EKKO,FRGZU,U,,X
EINKBELEG,2000001048,100606,MCFO,2022-09-13,13:01:25,ME29N,EKKO,FRGKE,U,,X
EINKBELEG,2000001054,100609,MCFO,2022-09-25,10:20:03,ME29N,EKKO,FRGZU,U,,X
EINKBELEG,2000001054,100614,MCFO,2022-09-25,12:37:33,ME29N,EKKO,FRGKE,U,,X
EINKBELEG,2000001054,100616,PVPRES,2022-09-25,09:05:34,ME29N,EKKO,FRGZU,U,,X
EINKBELEG,2000001054,100620,PVPRES,2022-09-25,10:32:25,ME29N,EKKO,FRGKE,U,,X
EINKBELEG,2000001054,100623,MCFO,2022-09-25,18:38:32,ME29N,EKKO,FRGZU,U,,X
EINKBELEG,2000001054,100624,MCFO,2022-09-25,14:25:09,ME29N,EKKO,FRGKE,U,,X
EINKBELEG,2000001062,100628,PVPRES,2022-05-18,14:00:18,ME29N,EKKO,FRGZU,U,,X
EINKBELEG,2000001062,100631,PVPRES,2022-05-18,14:19:28,ME29N,EKKO,FRGKE,U,,X
EINKBELEG,2000001062,100637,GMANAGER,2022-05-15,16:47:26,ME29N,EKKO,FRGZU,U,,X
EINKBELEG,2000001062,100641,GMANAGER,2022-05-15,13:10:51,ME29N,EKKO,FRGKE,U,,X
EINKBELEG,2000001070,100643,MCFO,2022-09-21,18:38:05,ME29N,EKKO,FRGZU,U,,X
EINKBELEG,2000001070,100645,MCFO,2022-09-21,12:19:30,ME29N,EKKO,FRGKE,U,,X
EINKBELEG,2000001070,100650,DDIRECTOR,2022-09-20,15:05:00,ME29N,EKKO,FRGZU,U,,X
EINKBELEG,2000001070,100654,DDIRECTOR,2022-09-20,13:26:11,ME29N,EKKO,FRGKE,U,,X
EINKBELEG,2000001077,100656,ACHIEF,2022-06-04,12:11:53,ME29N,EKKO,FRGZU,U,,X
EINKBELEG,2000001077,100660,ACHIEF,2022-06-04,13:35:31,ME29N,EKKO,FRGKE,U,,X
EINKBELEG,2000001077,100665,PVPRES,2022-06-01,13:31:35,ME29N,EKKO,FRGZU,U,,X
EINKBELEG,2000001077,100671,PVPRES,2022-06-01,16:14:01,ME29N,EKKO,FRGKE,U,,X
EINKBELEG,2000001085,100674,GMANAGER,2022-12-23,13:40:53,ME29N,EKKO,FRGZU,U,,X
EINKBELEG,2000001085,100680,GMANAGER,2022-12-23,16:07:41,ME29N,EKKO,FRGKE,U,,X
EINKBELEG,2000001085,100682,MCFO,2022-12-25,16:58:44,ME29N,EKKO,FRGZU,U,,X
EINKBELEG,2000001085,100688,MCFO,2022-12-25,12:01:07,ME29N,EKKO,FRGKE,U,,X
EINKBELEG,2000001092,100689,MCFO,2022-08-30,18:47:23,ME29N,EKKO,FRGZU,U,,X
EINKBELEG,2000001092,100694,MCFO,2022-08-30,16:36:27,ME29N,EKKO,FRGKE,U,,X
EINKBELEG,2000001096,100700,MCFO,2023-01-17,10:23:32,ME29N,EKKO,FRGZU,U,,X
EINKBELEG,2000001096,100706,MCFO,2023-01-17,18:01:54,ME29N,EKKO,FRGKE,U,,X
EINKBELEG,2000001097,100711,GMANAGER,2022-07-03,09:09:20,ME29N,EKKO,FRGZU,U,,X
EINKBELEG,2000001097,100715,GMANAGER,2022-07-03,11:22:10,ME29N,EKKO,FRGKE,U,,X
EINKBELEG,2000001097,100718,PVPRES,2022-07-01,15:40:58,ME29N,EKKO,FRGZU,U,,X
EINKBELEG,2000001097,100721,PVPRES,2022-07-01,09:18:18,ME29N,EKKO,FRGKE,U,,X
EINKBELEG,2000001101,100723,ACHIEF,2022-05-22,11:48:06,ME29N,EKKO,FRGZU,U,,X
EINKBELEG,2000001101,100728,ACHIEF,2022-05-22,11:34:20,ME29N,EKKO,FRGKE,U,,X
EINKBELEG,2000001102,100731,PVPRES,2022-09-25,14:06:34,ME29N,EKKO,FRGZU,U,,X
EINKBELEG,2000001102,100736,PVPRES,2022-09-25,14:52:09,ME29N,EKKO,FRGKE,U,,X
EINKBELEG,2000001106,100741,GMANAGER,2022-11-07,13:23:49,ME29N,EKKO,FRGZU,U,,X
EINKBELEG,2000001106,100745,GMANAGER,2022-11-07,15:21:58,ME29N,EKKO,FRGKE,U,,X
EINKBELEG,2000001106,100747,DDIRECTOR,2022-11-08,11:32:14,ME29N,EKKO,FRGZU,U,,X
EINKBELEG,2000001106,100749,DDIRECTOR,2022-11-08,17:39:44,ME29N,EKKO,FRGKE,U,,X
EINKBELEG,2000001108,100753,MCFO,2022-07-21,10:07:52,ME29N,EKKO,FRGZU,U,,X
EINKBELEG,2000001108,100755,MCFO,2022-07-21,09:30:22,ME29N,EKKO,FRGKE,U,,X
EINKBELEG,2000001108,100757,PVPRES,2022-07-23,16:56:38,ME29N,EKKO,FRGZU,U,,X
EINKBELEG,2000001108,100762,PVPRES,2022-07-23,14:11:45,ME29N,EKKO,FRGKE,U,,X
EINKBELEG,2000001111,100768,DDIRECTOR,2022-09-03,10:14:08,ME29N,EKKO,FRGZU,U,,X
EINKBELEG,2000001111,100774,DDIRECTOR,2022-09-03,11:44:14,ME29N,EKKO,FRGKE,U,,X
EINKBELEG,2000001116,100776,GMANAGER,2022-11-28,11:05:27,ME29N,EKKO,FRGZU,U,,X
EINKBELEG,2000001116,100782,GMANAGER,2022-11-28,10:04:01,ME29N,EKKO,FRGKE,U,,X
EINKBELEG,2000001118,100783,MCFO,2022-10-28,12:06:02,ME29N,EKKO,FRGZU,U,,X
EINKBELEG,2000001118,100789,MCFO,2022-10-28,17:37:03,ME29N,EKKO,FRGKE,U,,X
EINKBELEG,2000001118,100792,DDIRECTOR,2022-10-28,09:04:19,ME29N,EKKO,FRGZU,U,,X
EINKBELEG,2000001118,100798,DDIRECTOR,2022-10-28,09:48:06,ME29N,EKKO,FRGKE,U,,X
EINKBELEG,2000001118,100800,ACHIEF,2022-10-25,18:57:12,ME29N,EKKO,FRGZU,U,,X
EINKBELEG,2000001118,100802,ACHIEF,2022-10-25,14:01:05,ME29N,EKKO,FRGKE,U,,X
EINKBELEG,2000001126,100807,PVPRES,2023-01-20,14:22:10,ME29N,EKKO,FRGZU,U,,X
EINKBELEG,2000001126,100812,PVPRES,2023-01-20,18:15:32,ME29N,EKKO,FRGKE,U,,X
EINKBELEG,2000001133,100817,DDIRECTOR,2022-06-01,09:33:13,ME29N,EKKO,FRGZU,U,,X
EINKBELEG,2000001133,100823,DDIRECTOR,2022-06-01,12:18:10,ME29N,EKKO,FRGKE,U,,X
EINKBELEG,2000001140,100825,DDIRECTOR,2022-07-25,17:54:45,ME29N,EKKO,FRGZU,U,,X
EINKBELEG,2000001140,100829,DDIRECTOR,2022-07-25,14:44:37,ME29N,EKKO,FRGKE,U,,X
EINKBELEG,2000001147,100835,MCFO,2022-05-29,10:11:53,ME29N,EKKO,FRGZU,U,,X
EINKBELEG,2000001147,100838,MCFO,2022-05-29,15:27:13,ME29N,EKKO,FRGKE,U,,X
EINKBELEG,2000001147,100839,MCFO,2022-05-29,14:07:29,ME29N,EKKO,FRGZU,U,,X
EINKBELEG,2000001147,100840,MCFO,2022-05-29,17:08:31,ME29N,EKKO,FRGKE,U,,X
EINKBELEG,2000001155,100845,PVPRES,2022-05-18,09:05:20,ME29N,EKKO,FRGZU,U,,X
EINKBELEG,2000001155,100849,PVPRES,2022-05-18,10:24:18,ME29N,EKKO,FRGKE,U,,X
EINKBELEG,2000001155,100855,ACHIEF,2022-05-19,13:43:53,ME29N,EKKO,FRGZU,U,,X
EINKBELEG,2000001155,100859,ACHIEF,2022-05-19,12:35:26,ME29N,EKKO,FRGKE,U,,X
EINKBELEG,2000001161,100861,MCFO,2022-07-30,10:57:53,ME29N,EKKO,FRGZU,U,,X
EINKBELEG,2000001161,100865,MCFO,2022-07-30,14:11:00,ME29N,EKKO,FRGKE,U,,X
EINKBELEG,2000001163,100869,DDIRECTOR,2023-01-03,16:33:42,ME29N,EKKO,FRGZU,U,,X
EINKBELEG,2000001163,100875,DDIRECTOR,2023-01-03,10:07:09,ME29N,EKKO,FRGKE,U,,X
EINKBELEG,2000001171,100881,MCFO,2022-10-05,18:06:47,ME29N,EKKO,FRGZU,U,,X
EINKBELEG,2000001171,100883,MCFO,2022-10-05,10:23:12,ME29N,EKKO,FRGKE,U,,X
EINKBELEG,2000001171,100888,GMANAGER,2022-10-04,15:07:14,ME29N,EKKO,FRGZU,U,,X
EINKBELEG,2000001171,100892,GMANAGER,2022-10-04,16:17:48,ME29N,EKKO,FRGKE,U,,X
EINKBELEG,2000001177,100895,MCFO,2022-04-10,16:42:38,ME29N,EKKO,FRGZU,U,,X
EINKBELEG,2000001177,100899,MCFO,2022-04-10,16:32:17,ME29N,EKKO,FRGKE,U,,X
EINKBELEG,2000001177,100900,MCFO,2022-04-09,10:16:31,ME29N,EKKO,FRGZU,U,,X
EINKBELEG,2000001177,100904,MCFO,2022-04-09,12:40:08,ME29N,EKKO,FRGKE,U,,X
EINKBELEG,2000001180,100910,DDIRECTOR,2022-06-16,09:53:04,ME29N,EKKO,FRGZU,U,,X
EINKBELEG,2000001180,100914,DDIRECTOR,2022-06-16,09:11:24,ME29N,EKKO,FRGKE,U,,X
EINKBELEG,2000001187,100917,GMANAGER,2022-07-19,18:39:06,ME29N,EKKO,FRGZU,U,,X
EINKBELEG,2000001187,100918,GMANAGER,2022-07-19,17:49:31,ME29N,EKKO,FRGKE,U,,X
EINKBELEG,2000001187,100921,GMANAGER,2022-07-20,16:31:32,ME29N,EKKO,FRGZU,U,,X
EINKBELEG,2000001187,100924,GMANAGER,2022-07-20,17:21:51,ME29N,EKKO,FRGKE,U,,X
EINKBELEG,2000001190,100928,DDIRECTOR,2022-09-27,10:24:28,ME29N,EKKO,FRGZU,U,,X
EINKBELEG,2000001190,100931,DDIRECTOR,2022-09-27,15:28:29,ME29N,EKKO,FRGKE,U,,X
EINKBELEG,2000001196,100933,DDIRECTOR,2022-08-12,17:42:55,ME29N,EKKO,FRGZU,U,,X
EINKBELEG,2000001196,100936,DDIRECTOR,2022-08-12,11:31:27,ME29N,EKKO,FRGKE,U,,X
EINKBELEG,2000001196,100942,PVPRES,2022-08-13,15:31:48,ME29N,EKKO,FRGZU,U,,X
EINKBELEG,2000001196,100943,PVPRES,2022-08-13,18:43:31,ME29N,EKKO,FRGKE,U,,X
EINKBELEG,2000001203,100948,MCFO,2022-04-23,11:32:03,ME29N,EKKO,FRGZU,U,,X
EINKBELEG,2000001203,100952,MCFO,2022-04-23,13:31:37,ME29N,EKKO,FRGKE,U,,X
EINKBELEG,2000001203,100958,ACHIEF,2022-04-23,14:49:18,ME29N,EKKO,FRGZU,U,,X
EINKBELEG,2000001203,100961,ACHIEF,2022-04-23,09:01:37,ME29N,EKKO,FRGKE,U,,X
EINKBELEG,2000001203,100964,GMANAGER,2022-04-20,14:51:47,ME29N,EKKO,FRGZU,U,,X
EINKBELEG,2000001203,100969,GMANAGER,2022-04-20,09:48:57,ME29N,EKKO,FRGKE,U,,X
EINKBELEG,2000001210,100970,MCFO,2022-05-16,15:22:22,ME29N,EKKO,FRGZU,U,,X
EINKBELEG,2000001210,100974,MCFO,2022-05-16,14:03:42,ME29N,EKKO,FRGKE,U,,X
EINKBELEG,2000001210,100976,GMANAGER,2022-05-15,13:37:05,ME29N,EKKO,FRGZU,U,,X
EINKBELEG,2000001210,100982,GMANAGER,2022-05-15,10:55:19,ME29N,EKKO,FRGKE,U,,X
EINKBELEG,2000001210,100984,PVPRES,2022-05-14,09:34:20,ME29N,EKKO,FRGZU,U,,X
EINKBELEG,2000001210,100985,PVPRES,2022-05-14,16:42:55,ME29N,EKKO,FRGKE,U,,X
EINKBELEG,2000001217,100990,ACHIEF,2022-07-15,15:17:01,ME29N,EKKO,FRGZU,U,,X
EINKBELEG,2000001217,100996,ACHIEF,2022-07-15,16:37:01,ME29N,EKKO,FRGKE,U,,X
EINKBELEG,2000001217,101001,MCFO,2022-07-14,15:20:36,ME29N,EKKO,FRGZU,U,,X
EINKBELEG,2000001217,101002,MCFO,2022-07-14,16:06:44,ME29N,EKKO,FRGKE,U,,X
EINKBELEG,2000001220,101006,PVPRES,2022-05-13,17:51:48,ME29N,EKKO,FRGZU,U,,X
EINKBELEG,2000001220,101012,PVPRES,2022-05-13,14:10:39,ME29N,EKKO,FRGKE,U,,X
EINKBELEG,2000001220,101016,PVPRES,2022-05-14,12:31:40,ME29N,EKKO,FRGZU,U,,X
EINKBELEG,2000001220,101017,PVPRES,2022-05-14,17:13:18,ME29N,EKKO,FRGKE,U,,X
EINKBELEG,2000001220,101020,DDIRECTOR,2022-05-14,18:25:51,ME29N,EKKO,FRGZU,U,,X
EINKBELEG,2000001220,101022,DDIRECTOR,2022-05-14,18:47:05,ME29N,EKKO,FRGKE,U,,X
EINKBELEG,2000001226,101025,ACHIEF,2022-08-12,13:04:36,ME29N,EKKO,FRGZU,U,,X
EINKBELEG,2000001226,101030,ACHIEF,2022-08-12,16:27:13,ME29N,EKKO,FRGKE,U,,X
EINKBELEG,2000001228,101036,DDIRECTOR,2022-11-23,13:32:51,ME29N,EKKO,FRGZU,U,,X
EINKBELEG,2000001228,101039,DDIRECTOR,2022-11-23,15:42:34,ME29N,EKKO,FRGKE,U,,X
EINKBELEG,2000001228,101043,GMANAGER,2022-11-23,15:16:39,ME29N,EKKO,FRGZU,U,,X
EINKBELEG,2000001228,101048,GMANAGER,2022-11-23,16:42:48,ME29N,EKKO,FRGKE,U,,X
EINKBELEG,2000001228,101054,DDIRECTOR,2022-11-22,17:55:11,ME29N,EKKO,FRGZU,U,,X
EINKBELEG,2000001228,101059,DDIRECTOR,2022-11-22,16:13:42,ME29N,EKKO,FRGKE,U,,X
EINKBELEG,2000001233,101065,PVPRES,2022-05-06,17:51:39,ME29N,EKKO,FRGZU,U,,X
EINKBELEG,2000001233,101069,PVPRES,2022-05-06,18:46:40,ME29N,EKKO,FRGKE,U,,X
EINKBELEG,2000001233,101071,ACHIEF,2022-05-03,14:29:09,ME29N,EKKO,FRGZU,U,,X
EINKBELEG,2000001233,101073,ACHIEF,2022-05-03,11:47:43,ME29N,EKKO,FRGKE,U,,X
EINKBELEG,2000001233,101077,MCFO,2022-05-05,14:55:53,ME29N,EKKO,FRGZU,U,,X
EINKBELEG,2000001233,101078,MCFO,2022-05-05,12:54:26,ME29N,EKKO,FRGKE,U,,X
EINKBELEG,2000001238,101084,PVPRES,2022-07-31,11:16:43,ME29N,EKKO,FRGZU,U,,X
EINKBELEG,2000001238,101089,PVPRES,2022-07-31,12:25:15,ME29N,EKKO,FRGKE,U,,X
EINKBELEG,2000001240,101091,GMANAGER,2022-10-01,09:15:51,ME29N,EKKO,FRGZU,U,,X
EINKBELEG,2000001240,101094,GMANAGER,2022-10-01,16:31:35,ME29N,EKKO,FRGKE,U,,X
EINKBELEG,2000001246,101100,MCFO,2022-08-13,09:12:10,ME29N,EKKO,FRGZU,U,,X
EINKBELEG,2000001246,101103,MCFO,2022-08-13,11:01:16,ME29N,EKKO,FRGKE,U,,X
EINKBELEG,2000001246,101105,ACHIEF,2022-08-12,09:46:31,ME29N,EKKO,FRGZU,U,,X
EINKBELEG,2000001246,101106,ACHIEF,2022-08-12,09:55:57,ME29N,EKKO,FRGKE,U,,X
EINKBELEG,2000001247,101111,PVPRES,2022-12-18,13:55:04,ME29N,EKKO,FRGZU,U,,X
EINKBELEG,2000001247,101115,PVPRES,2022-12-18,14:42:42,ME29N,EKKO,FRGKE,U,,X
EINKBELEG,2000001255,101121,MCFO,2022-09-11,11:15:07,ME29N,EKKO,FRGZU,U,,X
EINKBELEG,2000001255,101126,MCFO,2022-09-11,17:59:07,ME29N,EKKO,FRGKE,U,,X
EINKBELEG,2000001255,101127,MCFO,2022-09-13,12:38:07,ME29N,EKKO,FRGZU,U,,X
EINKBELEG,2000001255,101130,MCFO,2022-09-13,14:53:37,ME29N,EKKO,FRGKE,U,,X
EINKBELEG,2000001260,101134,GMANAGER,2022-05-28,12:09:06,ME29N,EKKO,FRGZU,U,,X
EINKBELEG,2000001260,101136,GMANAGER,2022-05-28,12:17:28,ME29N,EKKO,FRGKE,U,,X
EINKBELEG,2000001261,101141,PVPRES,2022-04-11,09:31:34,ME29N,EKKO,FRGZU,U,,X
EINKBELEG,2000001261,101144,PVPRES,2022-04-11,10:20:34,ME29N,EKKO,FRGKE,U,,X
EINKBELEG,2000001261,101150,MCFO,2022-04-11,12:17:56,ME29N,EKKO,FRGZU,U,,X
EINKBELEG,2000001261,101152,MCFO,2022-04-11,14:30:45,ME29N,EKKO,FRGKE,U,,X
EINKBELEG,2000001263,101153,PVPRES,2022-04-17,18:02:53,ME29N,EKKO,FRGZU,U,,X
EINKBELEG,2000001263,101159,PVPRES,2022-04-17,09:44:58,ME29N,EKKO,FRGKE,U,,X
EINKBELEG,2000001270,101164,PVPRES,2022-10-21,15:19:40,ME29N,EKKO,FRGZU,U,,X
EINKBELEG,2000001270,101170,PVPRES,2022-10-21,14:57:51,ME29N,EKKO,FRGKE,U,,X
EINKBELEG,2000001274,101172,ACHIEF,2022-06-19,16:24:00,ME29N,EKKO,FRGZU,U,,X
EINKBELEG,2000001274,101176,ACHIEF,2022-06-19,13:19:05,ME29N,EKKO,FRGKE,U,,X
EINKBELEG,2000001274,101178,PVPRES,2022-06-20,11:58:28,ME29N,EKKO,FRGZU,U,,X
EINKBELEG,2000001274,101184,PVPRES,2022-06-20,14:56:51,ME29N,EKKO,FRGKE,U,,X
EINKBELEG,2000001274,101187,DDIRECTOR,2022-06-22,10:52:49,ME29N,EKKO,FRGZU,U,,X
EINKBELEG,2000001274,101191,DDIRECTOR,2022-06-22,16:47:26,ME29N,EKKO,FRGKE,U,,X
EINKBELEG,2000001277,101192,MCFO,2022-09-20,11:44:16,ME29N,EKKO,FRGZU,U,,X
EINKBELEG,2000001277,101197,MCFO,2022-09-20,10:22:26,ME29N,EKKO,FRGKE,U,,X
EINKBELEG,2000001282,101203,MCFO,2022-07-30,09:48:03,ME29N,EKKO,FRGZU,U,,X
EINKBELEG,2000001282,101209,MCFO,2022-07-30,11:40:28,ME29N,EKKO,FRGKE,U,,X
EINKBELEG,2000001282,101213,DDIRECTOR,2022-07-29,12:40:19,ME29N,EKKO,FRGZU,U,,X
EINKBELEG,2000001282,101216,DDIRECTOR,2022-07-29,18:05:07,ME29N,EKKO,FRGKE,U,,X
EINKBELEG,2000001284,101221,GMANAGER,2022-08-10,11:54:38,ME29N,EKKO,FRGZU,U,,X
EINKBELEG,2000001284,101227,GMANAGER,2022-08-10,15:50:20,ME29N,EKKO,FRGKE,U,,X
EINKBELEG,2000001284,101233,MCFO,2022-08-12,11:16:11,ME29N,EKKO,FRGZU,U,,X
EINKBELEG,2000001284,101239,MCFO,2022-08-12,18:52:20,ME29N,EKKO,FRGKE,U,,X
EINKBELEG,2000001284,101240,GMANAGER,2022-08-11,15:23:11,ME29N,EKKO,FRGZU,U,,X
EINKBELEG,2000001284,101244,GMANAGER,2022-08-11,15:53:56,ME29N,EKKO,FRGKE,U,,X
EINKBELEG,2000001286,101245,DDIRECTOR,2022-04-27,17:41:39,ME29N,EKKO,FRGZU,U,,X
EINKBELEG,2000001286,101251,DDIRECTOR,2022-04-27,12:58:05,ME29N,EKKO,FRGKE,U,,X
EINKBELEG,2000001286,101254,GMANAGER,2022-04-29,11:03:25,ME29N,EKKO,FRGZU,U,,X
EINKBELEG,2000001286,101259,GMANAGER,2022-04-29,15:38:16,ME29N,EKKO,FRGKE,U,,X
EINKBELEG,2000001292,101262,DDIRECTOR,2022-10-20,11:36:07,ME29N,EKKO,FRGZU,U,,X
EINKBELEG,2000001292,101263,DDIRECTOR,2022-10-20,17:27:49,ME29N,EKKO,FRGKE,U,,X
EINKBELEG,2000001296,101264,MCFO,2022-11-02,12:45:13,ME29N,EKKO,FRGZU,U,,X
EINKBELEG,2000001296,101266,MCFO,2022-11-02,13:18:47,ME29N,EKKO,FRGKE,U,,X
EINKBELEG,2000001296,101268,MCFO,2022-11-02,15:54:13,ME29N,EKKO,FRGZU,U,,X
EINKBELEG,2000001296,101273,MCFO,2022-11-02,12:52:18,ME29N,EKKO,FRGKE,U,,X
EINKBELEG,2000001303,101275,MCFO,2023-01-08,15:50:09,ME29N,EKKO,FRGZU,U,,X
EINKBELEG,2000001303,101276,MCFO,2023-01-08,13:16:15,ME29N,EKKO,FRGKE,U,,X
EINKBELEG,2000001303,101279,GMANAGER,2023-01-10,18:43:41,ME29N,EKKO,FRGZU,U,,X
EINKBELEG,2000001303,101283,GMANAGER,2023-01-10,10:00:30,ME29N,EKKO,FRGKE,U,,X
EINKBELEG,2000001306,101289,PVPRES,2022-12-19,15:43:13,ME29N,EKKO,FRGZU,U,,X
EINKBELEG,2000001306,101295,PVPRES,2022-12-19,15:45:27,ME29N,EKKO,FRGKE,U,,X
EINKBELEG,2000001312,101296,DDIRECTOR,2022-09-19,17:03:03,ME29N,EKKO,FRGZU,U,,X
EINKBELEG,2000001312,101299,DDIRECTOR,2022-09-19,12:30:58,ME29N,EKKO,FRGKE,U,,X
EINKBELEG,2000001312,101305,ACHIEF,2022-09-19,18:45:47,ME29N,EKKO,FRGZU,U,,X
EINKBELEG,2000001312,101306,ACHIEF,2022-09-19,09:16:32,ME29N,EKKO,FRGKE,U,,X
EINKBELEG,2000001319,101310,PVPRES,2022-11-19,14:08:57,ME29N,EKKO,FRGZU,U,,X
EINKBELEG,2000001319,101315,PVPRES,2022-11-19,09:37:11,ME29N,EKKO,FRGKE,U,,X
EINKBELEG,2000001319,101320,GMANAGER,2022-11-18,16:59:21,ME29N,EKKO,FRGZU,U,,X
EINKBELEG,2000001319,101324,GMANAGER,2022-11-18,11:05:20,ME29N,EKKO,FRGKE,U,,X
EINKBELEG,2000001325,101327,GMANAGER,2022-11-29,10:20:02,ME29N,EKKO,FRGZU,U,,X
EINKBELEG,2000001325,101329,GMANAGER,2022-11-29,16:55:53,ME29N,EKKO,FRGKE,U,,X
EINKBELEG,2000001325,101333,PVPRES,2022-11-28,13:57:56,ME29N,EKKO,FRGZU,U,,X
EINKBELEG,2000001325,101336,PVPRES,2022-11-28,18:53:48,ME29N,EKKO,FRGKE,U,,X
EINKBELEG,2000001328,101339,ACHIEF,2022-06-20,15:57:10,ME29N,EKKO,FRGZU,U,,X
EINKBELEG,2000001328,101342,ACHIEF,2022-06-20,16:48:09,ME29N,EKKO,FRGKE,U,,X
EINKBELEG,2000001328,101344,DDIRECTOR,2022-06-21,11:03:14,ME29N,EKKO,FRGZU,U,,X
EINKBELEG,2000001328,101346,DDIRECTOR,2022-06-21,09:30:16,ME29N,EKKO,FRGKE,U,,X
EINKBELEG,2000001336,101350,MCFO,2022-05-28,10:57:59,ME29N,EKKO,FRGZU,U,,X
EINKBELEG,2000001336,101354,MCFO,2022-05-28,09:28:22,ME29N,EKKO,FRGKE,U,,X
EINKBELEG,2000001343,101358,MCFO,2022-09-29,10:54:46,ME29N,EKKO,FRGZU,U,,X
EINKBELEG,2000001343,101360,MCFO,2022-09-29,10:22:05,ME29N,EKKO,FRGKE,U,,X
EINKBELEG,2000001343,101362,PVPRES,2022-09-27,11:47:32,ME29N,EKKO,FRGZU,U,,X
EINKBELEG,2000001343,101365,PVPRES,2022-09-27,18:57:42,ME29N,EKKO,FRGKE,U,,X
EINKBELEG,2000001345,101366,ACHIEF,2022-11-24,17:49:36,ME29N,EKKO,FRGZU,U,,X
EINKBELEG,2000001345,101368,ACHIEF,2022-11-24,15:58:04,ME29N,EKKO,FRGKE,U,,X
EINKBELEG,2000001345,101374,MCFO,2022-11-24,10:56:21,ME29N,EKKO,FRGZU,U,,X
EINKBELEG,2000001345,101375,MCFO,2022-11-24,13:43:43,ME29N,EKKO,FRGKE,U,,X
EINKBELEG,2000001345,101378,MCFO,2022-11-23,18:59:06,ME29N,EKKO,FRGZU,U,,X
EINKBELEG,2000001345,101381,MCFO,2022-11-23,11:01:05,ME29N,EKKO,FRGKE,U,,X
EINKBELEG,2000001350,101385,MCFO,2023-01-29,13:38:42,ME29N,EKKO,FRGZU,U,,X
EINKBELEG,2000001350,101386,MCFO,2023-01-29,14:02:41,ME29N,EKKO,FRGKE,U,,X
EINKBELEG,2000001351,101392,PVPRES,2022-10-03,18:08:13,ME29N,EKKO,FRGZU,U,,X
EINKBELEG,2000001351,101393,PVPRES,2022-10-03,13:20:51,ME29N,EKKO,FRGKE,U,,X
EINKBELEG,2000001357,101398,DDIRECTOR,2023-03-28,18:24:05,ME29N,EKKO,FRGZU,U,,X
EINKBELEG,2000001357,101402,DDIRECTOR,2023-03-28,13:11:15,ME29N,EKKO,FRGKE,U,,X
EINKBELEG,2000001362,101403,DDIRECTOR,2022-05-21,12:10:24,ME29N,EKKO,FRGZU,U,,X
EINKBELEG,2000001362,101407,DDIRECTOR,2022-05-21,13:41:48,ME29N,EKKO,FRGKE,U,,X
EINKBELEG,2000001368,101410,DDIRECTOR,2022-09-24,16:51:27,ME29N,EKKO,FRGZU,U,,X
EINKBELEG,2000001368,101416,DDIRECTOR,2022-09-24,13:57:43,ME29N,EKKO,FRGKE,U,,X
EINKBELEG,2000001371,101422,PVPRES,2022-05-10,10:53:23,ME29N,EKKO,FRGZU,U,,X
EINKBELEG,2000001371,101427,PVPRES,2022-05-10,12:31:28,ME29N,EKKO,FRGKE,U,,X
EINKBELEG,2000001376,101430,MCFO,2022-11-14,18:38:27,ME29N,EKKO,FRGZU,U,,X
EINKBELEG,2000001376,101431,MCFO,2022-11-14,15:51:23,ME29N,EKKO,FRGKE,U,,X
EINKBELEG,2000001382,101437,MCFO,2022-10-13,15:05:02,ME29N,EKKO,FRGZU,U,,X
EINKBELEG,2000001382,101442,MCFO,2022-10-13,14:29:43,ME29N,EKKO,FRGKE,U,,X
EINKBELEG,2000001389,101446,GMANAGER,2023-02-10,17:40:41,ME29N,EKKO,FRGZU,U,,X
EINKBELEG,2000001389,101451,GMANAGER,2023-02-10,10:18:29,ME29N,EKKO,FRGKE,U,,X
EINKBELEG,2000001393,101455,DDIRECTOR,2023-02-24,13:09:08,ME29N,EKKO,FRGZU,U,,X
EINKBELEG,2000001393,101461,DDIRECTOR,2023-02-24,13:53:15,ME29N,EKKO,FRGKE,U,,X
EINKBELEG,2000001394,101466,PVPRES,2023-03-25,09:35:04,ME29N,EKKO,FRGZU,U,,X
EINKBELEG,2000001394,101467,PVPRES,2023-03-25,17:06:32,ME29N,EKKO,FRGKE,U,,X
EINKBELEG,2000001401,101468,MCFO,2022-11-02,16:42:46,ME29N,EKKO,FRGZU,U,,X
EINKBELEG,2000001401,101473,MCFO,2022-11-02,13:22:16,ME29N,EKKO,FRGKE,U,,X
EINKBELEG,2000001405,101474,ACHIEF,2022-04-19,10:47:42,ME29N,EKKO,FRGZU,U,,X
EINKBELEG,2000001405,101478,ACHIEF,2022-04-19,11:50:11,ME29N,EKKO,FRGKE,U,,X
EINKBELEG,2000001412,101479,DDIRECTOR,2022-09-25,15:56:45,ME29N,EKKO,FRGZU,U,,X
EINKBELEG,2000001412,101482,DDIRECTOR,2022-09-25,14:37:46,ME29N,EKKO,FRGKE,U,,X
EINKBELEG,2000001415,101487,MCFO,2022-05-26,13:21:58,ME29N,EKKO,FRGZU,U,,X
EINKBELEG,2000001415,101489,MCFO,2022-05-26,12:11:05,ME29N,EKKO,FRGKE,U,,X
EINKBELEG,2000001420,101493,DDIRECTOR,2022-10-22,17:01:00,ME29N,EKKO,FRGZU,U,,X
EINKBELEG,2000001420,101497,DDIRECTOR,2022-10-22,10:00:10,ME29N,EKKO,FRGKE,U,,X
EINKBELEG,2000001427,101503,MCFO,2022-07-16,15:55:42,ME29N,EKKO,FRGZU,U,,X
EINKBELEG,2000001427,101509,MCFO,2022-07-16,18:46:31,ME29N,EKKO,FRGKE,U,,X
EINKBELEG,2000001429,101514,ACHIEF,2022-12-10,14:44:43,ME29N,EKKO,FRGZU,U,,X
EINKBELEG,2000001429,101520,ACHIEF,2022-12-10,15:51:19,ME29N,EKKO,FRGKE,U,,X
EINKBELEG,2000001435,101522,GMANAGER,2022-11-16,09:12:07,ME29N,EKKO,FRGZU,U,,X
EINKBELEG,2000001435,101523,GMANAGER,2022-11-16,12:54:01,ME29N,EKKO,FRGKE,U,,X
EINKBELEG,2000001436,101529,MCFO,2023-03-11,11:41:15,ME29N,EKKO,FRGZU,U,,X
EINKBELEG,2000001436,101533,MCFO,2023-03-11,17:12:05,ME29N,EKKO,FRGKE,U,,X
EINKBELEG,2000001437,101535,MCFO,2022-09-18,16:27:01,ME29N,EKKO,FRGZU,U,,X
EINKBELEG,2000001437,101536,MCFO,2022-09-18,11:57:09,ME29N,EKKO,FRGKE,U,,X
EINKBELEG,2000001438,101540,MCFO,2022-09-19,09:55:28,ME29N,EKKO,FRGZU,U,,X
EINKBELEG,2000001438,101545,MCFO,2022-09-19,12:12:18,ME29N,EKKO,FRGKE,U,,X
EINKBELEG,2000001439,101548,DDIRECTOR,2022-09-19,09:06:40,ME29N,EKKO,FRGZU,U,,X
EINKBELEG,2000001439,101554,DDIRECTOR,2022-09-19,15:26:54,ME29N,EKKO,FRGKE,U,,X
EINKBELEG,2000001444,101559,ACHIEF,2022-12-04,17:18:02,ME29N,EKKO,FRGZU,U,,X
EINKBELEG,2000001444,101563,ACHIEF,2022-12-04,15:31:32,ME29N,EKKO,FRGKE,U,,X
EINKBELEG,2000001449,101569,GMANAGER,2022-07-02,09:33:01,ME29N,EKKO,FRGZU,U,,X
EINKBELEG,2000001449,101573,GMANAGER,2022-07-02,18:20:35,ME29N,EKKO,FRGKE,U,,X
EINKBELEG,2000001451,101579,PVPRES,2023-03-17,15:56:30,ME29N,EKKO,FRGZU,U,,X
EINKBELEG,2000001451,101580,PVPRES,2023-03-17,16:39:41,ME29N,EKKO,FRGKE,U,,X
EINKBELEG,2000001456,101586,MCFO,2022-05-18,15:01:10,ME29N,EKKO,FRGZU,U,,X
EINKBELEG,2000001456,101589,MCFO,2022-05-18,12:30:22,ME29N,EKKO,FRGKE,U,,X
EINKBELEG,2000001459,101594,GMANAGER,2023-01-30,12:37:58,ME29N,EKKO,FRGZU,U,,X
EINKBELEG,2000001459,101600,GMANAGER,2023-01-30,14:58:38,ME29N,EKKO,FRGKE,U,,X
EINKBELEG,2000001461,101603,GMANAGER,2023-01-28,15:26:53,ME29N,EKKO,FRGZU,U,,X
EINKBELEG,2000001461,101609,GMANAGER,2023-01-28,14:50:30,ME29N,EKKO,FRGKE,U,,X
EINKBELEG,2000001464,101611,ACHIEF,2022-10-16,13:44:47,ME29N,EKKO,FRGZU,U,,X
EINKBELEG,2000001464,101612,ACHIEF,2022-10-16,16:08:11,ME29N,EKKO,FRGKE,U,,X
EINKBELEG,2000001465,101617,GMANAGER,2022-06-15,16:06:50,ME29N,EKKO,FRGZU,U,,X
EINKBELEG,2000001465,101621,GMANAGER,2022-06-15,16:19:15,ME29N,EKKO,FRGKE,U,,X
BANF,10003179,101626,RKUMAR,2022-05-15,09:01:22,ME52N,EBAN,MENGE,U,87.908,76.442
BANF,10003179,101629,RKUMAR,2022-05-16,14:43:10,ME52N,EBAN,PREIS,U,10099.01,10977.18
BANF,10003373,101634,JTHOMAS,2022-12-05,09:51:04,ME52N,EBAN,MENGE,U,27.197,23.65
BANF,10003373,101637,JTHOMAS,2022-12-06,15:07:39,ME52N,EBAN,PREIS,U,1015025.33,1103288.4
BANF,10003421,101638,AGUPTA,2022-09-18,17:14:31,ME52N,EBAN,MENGE,U,72.146,62.736
BANF,10003421,101641,AGUPTA,2022-09-19,14:50:22,ME52N,EBAN,PREIS,U,6098989.34,6629336.24
BANF,10003153,101646,JTHOMAS,2022-09-19,13:57:09,ME52N,EBAN,MENGE,U,153.319,133.321
BANF,10003153,101652,JTHOMAS,2022-09-20,17:38:42,ME52N,EBAN,PREIS,U,1801186.91,1957811.86
BANF,10003061,101658,PDESAI,2022-05-11,09:59:28,ME52N,EBAN,MENGE,U,123.06,107.009
BANF,10003061,101662,PDESAI,2022-05-12,10:06:50,ME52N,EBAN,PREIS,U,658928.39,716226.51
BANF,10003313,101667,RKUMAR,2022-08-12,10:52:35,ME52N,EBAN,MENGE,U,155.015,134.796
BANF,10003313,101668,RKUMAR,2022-08-13,17:06:10,ME52N,EBAN,PREIS,U,541617.33,588714.49
BANF,10003204,101670,KSINGH,2022-08-08,14:10:46,ME52N,EBAN,MENGE,U,114.272,99.367
BANF,10003204,101673,KSINGH,2022-08-09,16:48:32,ME52N,EBAN,PREIS,U,3114327.74,3385138.85
BANF,10003229,101679,SNAIR,2022-05-13,10:09:41,ME52N,EBAN,MENGE,U,94.639,82.295
BANF,10003229,101682,SNAIR,2022-05-14,14:52:08,ME52N,EBAN,PREIS,U,3199685.08,3477918.57
BANF,10003362,101684,RKUMAR,2022-07-05,16:26:49,ME52N,EBAN,MENGE,U,22.149,19.26
BANF,10003362,101685,RKUMAR,2022-07-06,12:53:51,ME52N,EBAN,PREIS,U,4966831.92,5398730.35
BANF,10003378,101688,VSHARMA,2022-04-02,13:32:10,ME52N,EBAN,MENGE,U,115.635,100.552
BANF,10003378,101689,VSHARMA,2022-04-03,13:23:45,ME52N,EBAN,PREIS,U,1541037.43,1675040.69
BANF,10003144,101692,JTHOMAS,2022-09-25,12:09:48,ME52N,EBAN,MENGE,U,59.443,51.69
BANF,10003144,101697,JTHOMAS,2022-09-26,15:50:14,ME52N,EBAN,PREIS,U,6574408.12,7146095.78
BANF,10003153,101701,SNAIR,2022-10-26,15:58:26,ME52N,EBAN,MENGE,U,180.971,157.366
BANF,10003153,101705,SNAIR,2022-10-27,17:50:43,ME52N,EBAN,PREIS,U,28087.37,30529.75
BANF,10003133,101706,PDESAI,2022-11-21,16:09:49,ME52N,EBAN,MENGE,U,92.339,80.295
BANF,10003133,101707,PDESAI,2022-11-22,17:04:05,ME52N,EBAN,PREIS,U,1347942.6,1465155.0
BANF,10003350,101710,VSHARMA,2022-05-28,15:49:10,ME52N,EBAN,MENGE,U,95.851,83.349
BANF,10003350,101714,VSHARMA,2022-05-29,09:25:48,ME52N,EBAN,PREIS,U,7644011.73,8308708.4
BANF,10003039,101720,RKUMAR,2022-06-01,11:57:36,ME52N,EBAN,MENGE,U,89.204,77.569
BANF,10003039,101721,RKUMAR,2022-06-02,17:18:26,ME52N,EBAN,PREIS,U,1115023.84,1211982.44
BANF,10003268,101727,MMEHTA,2022-09-18,17:55:19,ME52N,EBAN,MENGE,U,200.159,174.051
BANF,10003268,101733,MMEHTA,2022-09-19,14:58:22,ME52N,EBAN,PREIS,U,451598.51,490867.95
BANF,10003250,101736,KSINGH,2022-05-16,17:39:58,ME52N,EBAN,MENGE,U,93.646,81.431
BANF,10003250,101738,KSINGH,2022-05-17,15:28:41,ME52N,EBAN,PREIS,U,247878.56,269433.22
BANF,10003241,101743,SNAIR,2022-10-26,18:50:39,ME52N,EBAN,MENGE,U,204.694,177.995
BANF,10003241,101749,SNAIR,2022-10-27,16:44:22,ME52N,EBAN,PREIS,U,6806557.85,7398432.45
BANF,10003445,101751,JTHOMAS,2022-06-20,13:05:02,ME52N,EBAN,MENGE,U,13.092,11.384
BANF,10003445,101756,JTHOMAS,2022-06-21,14:24:46,ME52N,EBAN,PREIS,U,446921.97,485784.75
BANF,10003161,101761,SNAIR,2022-07-24,17:18:13,ME52N,EBAN,MENGE,U,141.041,122.644
BANF,10003161,101762,SNAIR,2022-07-25,17:35:19,ME52N,EBAN,PREIS,U,14246698.74,15485542.11
BANF,10003233,101765,SNAIR,2022-11-17,11:01:01,ME52N,EBAN,MENGE,U,144.195,125.387
BANF,10003233,101770,SNAIR,2022-11-18,18:16:15,ME52N,EBAN,PREIS,U,311936.99,339061.95
BANF,10003416,101776,KSINGH,2023-01-11,15:32:07,ME52N,EBAN,MENGE,U,74.732,64.984
BANF,10003416,101782,KSINGH,2023-01-12,09:53:23,ME52N,EBAN,PREIS,U,2236135.66,2430582.24
BANF,10003368,101788,MMEHTA,2022-09-09,17:22:07,ME52N,EBAN,MENGE,U,203.303,176.785
BANF,10003368,101789,MMEHTA,2022-09-10,10:28:19,ME52N,EBAN,PREIS,U,150902.17,164024.1
BANF,10003477,101795,VSHARMA,2022-09-18,09:29:21,ME52N,EBAN,MENGE,U,191.183,166.246
BANF,10003477,101797,VSHARMA,2022-09-19,18:36:45,ME52N,EBAN,PREIS,U,3178549.01,3454944.58
BANF,10003110,101802,KSINGH,2023-01-05,12:22:19,ME52N,EBAN,MENGE,U,214.382,186.419
BANF,10003110,101805,KSINGH,2023-01-06,18:43:08,ME52N,EBAN,PREIS,U,2318341.85,2519936.79
KRED,732880,101811,SNAIR,2022-10-11,12:06:20,XK01,LFA1,ZTERM,U,N030,N030
KRED,732880,101816,SNAIR,2022-10-13,12:52:49,XK01,LFB1,ZAHLS,U,,
KRED,700100,101817,PDESAI,2022-10-02,11:45:27,XK01,LFA1,ZTERM,U,N030,N045
KRED,700100,101821,JTHOMAS,2022-10-04,10:05:03,XK01,LFB1,ZAHLS,U,,
KRED,700200,101825,VSHARMA,2022-11-04,12:28:04,XK01,LFA1,ZTERM,U,N030,N030
KRED,700200,101831,AGUPTA,2022-11-06,17:25:37,XK01,LFB1,ZAHLS,U,,
KRED,700300,101835,SNAIR,2023-01-12,13:37:31,XK01,LFA1,ZTERM,U,N030,N060
KRED,700300,101839,MMEHTA,2023-01-14,16:44:59,XK01,LFB1,ZAHLS,U,,
KRED,700400,101843,MMEHTA,2022-12-07,11:09:32,XK01,LFA1,ZTERM,U,N030,N030
KRED,700400,101847,VSHARMA,2022-12-09,16:08:45,XK01,LFB1,ZAHLS,U,,
KRED,700500,101852,JTHOMAS,2022-12-19,10:44:13,XK01,LFA1,ZTERM,U,N030,N030
KRED,700500,101856,PDESAI,2022-12-21,09:47:10,XK01,LFB1,ZAHLS,U,,*
EINKBELEG,2000001004,101861,RKUMAR,2022-05-20,14:58:07,ME29N,EKKO,FRGZU,U,,X
EINKBELEG,2000001004,101866,JTHOMAS,2022-05-20,15:07:07,ME29N,EKKO,FRGZU,U,,X
EINKBELEG,2000001008,101869,AGUPTA,2022-09-24,18:18:02,ME29N,EKKO,FRGZU,U,,X
